X,Y,Z
511530,5238858,565
511530,5239433.939,361
511530,5240009.878,297
511530,5240585.816,416
511530,5241161.755,210
511530,5241737.694,334
511530,5242313.633,364
511530,5242889.571,307
511530,5243465.51,315
511530,5244041.449,281
511530,5244617.388,222
511530,5245193.327,208
511530,5245769.265,174
511530,5246345.204,202
511530,5246921.143,216
511530,5247497.082,244
511530,5248073.02,233
511530,5248648.959,283
511530,5249224.898,344
511530,5249800.837,474
511530,5250376.776,543
511530,5250952.714,764
511530,5251528.653,893
511530,5252104.592,1007
511530,5252680.531,966
511530,5253256.469,915
511530,5253832.408,907
511530,5254408.347,1044
511530,5254984.286,919
511530,5255560.224,664
511530,5256136.163,619
511530,5256712.102,595
511530,5257288.041,510
511530,5257863.98,505
511530,5258439.918,355
511530,5259015.857,243
511530,5259591.796,172
511530,5260167.735,122
511530,5260743.673,104
511530,5261319.612,60
511530,5261895.551,162
511530,5262471.49,220
511530,5263047.429,250
511530,5263623.367,284
511530,5264199.306,143
511530,5264775.245,3
511530,5265351.184,2
511530,5265927.122,7
511530,5266503.061,60
511530,5267079,78
512138.6327,5238858,542
512138.6327,5239433.939,441
512138.6327,5240009.878,428
512138.6327,5240585.816,484
512138.6327,5241161.755,309
512138.6327,5241737.694,340
512138.6327,5242313.633,381
512138.6327,5242889.571,442
512138.6327,5243465.51,374
512138.6327,5244041.449,358
512138.6327,5244617.388,303
512138.6327,5245193.327,287
512138.6327,5245769.265,206
512138.6327,5246345.204,248
512138.6327,5246921.143,296
512138.6327,5247497.082,270
512138.6327,5248073.02,298
512138.6327,5248648.959,257
512138.6327,5249224.898,354
512138.6327,5249800.837,494
512138.6327,5250376.776,653
512138.6327,5250952.714,979
512138.6327,5251528.653,1074
512138.6327,5252104.592,1216
512138.6327,5252680.531,1147
512138.6327,5253256.469,1065
512138.6327,5253832.408,837
512138.6327,5254408.347,794
512138.6327,5254984.286,736
512138.6327,5255560.224,677
512138.6327,5256136.163,648
512138.6327,5256712.102,678
512138.6327,5257288.041,645
512138.6327,5257863.98,416
512138.6327,5258439.918,309
512138.6327,5259015.857,231
512138.6327,5259591.796,242
512138.6327,5260167.735,198
512138.6327,5260743.673,145
512138.6327,5261319.612,92
512138.6327,5261895.551,169
512138.6327,5262471.49,239
512138.6327,5263047.429,269
512138.6327,5263623.367,393
512138.6327,5264199.306,329
512138.6327,5264775.245,79
512138.6327,5265351.184,73
512138.6327,5265927.122,7
512138.6327,5266503.061,0
512138.6327,5267079,52
512747.2653,5238858,386
512747.2653,5239433.939,404
512747.2653,5240009.878,438
512747.2653,5240585.816,490
512747.2653,5241161.755,360
512747.2653,5241737.694,359
512747.2653,5242313.633,390
512747.2653,5242889.571,423
512747.2653,5243465.51,545
512747.2653,5244041.449,534
512747.2653,5244617.388,447
512747.2653,5245193.327,337
512747.2653,5245769.265,297
512747.2653,5246345.204,305
512747.2653,5246921.143,392
512747.2653,5247497.082,392
512747.2653,5248073.02,437
512747.2653,5248648.959,437
512747.2653,5249224.898,336
512747.2653,5249800.837,347
512747.2653,5250376.776,580
512747.2653,5250952.714,791
512747.2653,5251528.653,948
512747.2653,5252104.592,1091
512747.2653,5252680.531,1086
512747.2653,5253256.469,989
512747.2653,5253832.408,897
512747.2653,5254408.347,603
512747.2653,5254984.286,663
512747.2653,5255560.224,636
512747.2653,5256136.163,673
512747.2653,5256712.102,633
512747.2653,5257288.041,590
512747.2653,5257863.98,450
512747.2653,5258439.918,418
512747.2653,5259015.857,370
512747.2653,5259591.796,320
512747.2653,5260167.735,204
512747.2653,5260743.673,102
512747.2653,5261319.612,116
512747.2653,5261895.551,211
512747.2653,5262471.49,249
512747.2653,5263047.429,341
512747.2653,5263623.367,479
512747.2653,5264199.306,328
512747.2653,5264775.245,290
512747.2653,5265351.184,251
512747.2653,5265927.122,78
512747.2653,5266503.061,4
512747.2653,5267079,16
513355.898,5238858,398
513355.898,5239433.939,386
513355.898,5240009.878,358
513355.898,5240585.816,393
513355.898,5241161.755,386
513355.898,5241737.694,369
513355.898,5242313.633,329
513355.898,5242889.571,364
513355.898,5243465.51,367
513355.898,5244041.449,451
513355.898,5244617.388,573
513355.898,5245193.327,498
513355.898,5245769.265,565
513355.898,5246345.204,500
513355.898,5246921.143,588
513355.898,5247497.082,651
513355.898,5248073.02,743
513355.898,5248648.959,690
513355.898,5249224.898,433
513355.898,5249800.837,544
513355.898,5250376.776,456
513355.898,5250952.714,529
513355.898,5251528.653,744
513355.898,5252104.592,1010
513355.898,5252680.531,863
513355.898,5253256.469,738
513355.898,5253832.408,719
513355.898,5254408.347,643
513355.898,5254984.286,545
513355.898,5255560.224,574
513355.898,5256136.163,545
513355.898,5256712.102,507
513355.898,5257288.041,493
513355.898,5257863.98,503
513355.898,5258439.918,545
513355.898,5259015.857,520
513355.898,5259591.796,343
513355.898,5260167.735,204
513355.898,5260743.673,103
513355.898,5261319.612,193
513355.898,5261895.551,192
513355.898,5262471.49,270
513355.898,5263047.429,417
513355.898,5263623.367,535
513355.898,5264199.306,570
513355.898,5264775.245,342
513355.898,5265351.184,219
513355.898,5265927.122,47
513355.898,5266503.061,10
513355.898,5267079,0
513964.5306,5238858,287
513964.5306,5239433.939,309
513964.5306,5240009.878,366
513964.5306,5240585.816,392
513964.5306,5241161.755,383
513964.5306,5241737.694,230
513964.5306,5242313.633,350
513964.5306,5242889.571,430
513964.5306,5243465.51,464
513964.5306,5244041.449,530
513964.5306,5244617.388,641
513964.5306,5245193.327,663
513964.5306,5245769.265,578
513964.5306,5246345.204,608
513964.5306,5246921.143,691
513964.5306,5247497.082,885
513964.5306,5248073.02,980
513964.5306,5248648.959,712
513964.5306,5249224.898,589
513964.5306,5249800.837,667
513964.5306,5250376.776,712
513964.5306,5250952.714,580
513964.5306,5251528.653,893
513964.5306,5252104.592,1081
513964.5306,5252680.531,913
513964.5306,5253256.469,756
513964.5306,5253832.408,607
513964.5306,5254408.347,560
513964.5306,5254984.286,443
513964.5306,5255560.224,428
513964.5306,5256136.163,491
513964.5306,5256712.102,491
513964.5306,5257288.041,441
513964.5306,5257863.98,359
513964.5306,5258439.918,530
513964.5306,5259015.857,439
513964.5306,5259591.796,230
513964.5306,5260167.735,132
513964.5306,5260743.673,215
513964.5306,5261319.612,264
513964.5306,5261895.551,367
513964.5306,5262471.49,276
513964.5306,5263047.429,300
513964.5306,5263623.367,598
513964.5306,5264199.306,475
513964.5306,5264775.245,357
513964.5306,5265351.184,157
513964.5306,5265927.122,249
513964.5306,5266503.061,59
513964.5306,5267079,0
514573.1633,5238858,304
514573.1633,5239433.939,236
514573.1633,5240009.878,238
514573.1633,5240585.816,342
514573.1633,5241161.755,260
514573.1633,5241737.694,255
514573.1633,5242313.633,414
514573.1633,5242889.571,394
514573.1633,5243465.51,294
514573.1633,5244041.449,449
514573.1633,5244617.388,595
514573.1633,5245193.327,658
514573.1633,5245769.265,600
514573.1633,5246345.204,737
514573.1633,5246921.143,903
514573.1633,5247497.082,893
514573.1633,5248073.02,864
514573.1633,5248648.959,838
514573.1633,5249224.898,842
514573.1633,5249800.837,961
514573.1633,5250376.776,967
514573.1633,5250952.714,860
514573.1633,5251528.653,863
514573.1633,5252104.592,1086
514573.1633,5252680.531,1025
514573.1633,5253256.469,800
514573.1633,5253832.408,668
514573.1633,5254408.347,547
514573.1633,5254984.286,414
514573.1633,5255560.224,405
514573.1633,5256136.163,459
514573.1633,5256712.102,413
514573.1633,5257288.041,343
514573.1633,5257863.98,350
514573.1633,5258439.918,309
514573.1633,5259015.857,187
514573.1633,5259591.796,226
514573.1633,5260167.735,222
514573.1633,5260743.673,289
514573.1633,5261319.612,368
514573.1633,5261895.551,453
514573.1633,5262471.49,451
514573.1633,5263047.429,445
514573.1633,5263623.367,607
514573.1633,5264199.306,608
514573.1633,5264775.245,406
514573.1633,5265351.184,381
514573.1633,5265927.122,316
514573.1633,5266503.061,170
514573.1633,5267079,51
515181.7959,5238858,369
515181.7959,5239433.939,329
515181.7959,5240009.878,205
515181.7959,5240585.816,206
515181.7959,5241161.755,197
515181.7959,5241737.694,189
515181.7959,5242313.633,214
515181.7959,5242889.571,245
515181.7959,5243465.51,295
515181.7959,5244041.449,464
515181.7959,5244617.388,635
515181.7959,5245193.327,671
515181.7959,5245769.265,653
515181.7959,5246345.204,827
515181.7959,5246921.143,701
515181.7959,5247497.082,713
515181.7959,5248073.02,843
515181.7959,5248648.959,925
515181.7959,5249224.898,1039
515181.7959,5249800.837,1063
515181.7959,5250376.776,1102
515181.7959,5250952.714,1021
515181.7959,5251528.653,906
515181.7959,5252104.592,1013
515181.7959,5252680.531,1040
515181.7959,5253256.469,831
515181.7959,5253832.408,689
515181.7959,5254408.347,562
515181.7959,5254984.286,431
515181.7959,5255560.224,388
515181.7959,5256136.163,389
515181.7959,5256712.102,328
515181.7959,5257288.041,321
515181.7959,5257863.98,277
515181.7959,5258439.918,256
515181.7959,5259015.857,251
515181.7959,5259591.796,479
515181.7959,5260167.735,451
515181.7959,5260743.673,516
515181.7959,5261319.612,557
515181.7959,5261895.551,628
515181.7959,5262471.49,607
515181.7959,5263047.429,645
515181.7959,5263623.367,693
515181.7959,5264199.306,632
515181.7959,5264775.245,442
515181.7959,5265351.184,319
515181.7959,5265927.122,110
515181.7959,5266503.061,114
515181.7959,5267079,96
515790.4286,5238858,209
515790.4286,5239433.939,195
515790.4286,5240009.878,189
515790.4286,5240585.816,160
515790.4286,5241161.755,160
515790.4286,5241737.694,150
515790.4286,5242313.633,186
515790.4286,5242889.571,223
515790.4286,5243465.51,311
515790.4286,5244041.449,449
515790.4286,5244617.388,579
515790.4286,5245193.327,680
515790.4286,5245769.265,732
515790.4286,5246345.204,661
515790.4286,5246921.143,648
515790.4286,5247497.082,876
515790.4286,5248073.02,919
515790.4286,5248648.959,945
515790.4286,5249224.898,1123
515790.4286,5249800.837,1164
515790.4286,5250376.776,1158
515790.4286,5250952.714,1104
515790.4286,5251528.653,1011
515790.4286,5252104.592,981
515790.4286,5252680.531,969
515790.4286,5253256.469,920
515790.4286,5253832.408,738
515790.4286,5254408.347,603
515790.4286,5254984.286,431
515790.4286,5255560.224,376
515790.4286,5256136.163,382
515790.4286,5256712.102,308
515790.4286,5257288.041,275
515790.4286,5257863.98,324
515790.4286,5258439.918,363
515790.4286,5259015.857,342
515790.4286,5259591.796,346
515790.4286,5260167.735,503
515790.4286,5260743.673,662
515790.4286,5261319.612,718
515790.4286,5261895.551,873
515790.4286,5262471.49,788
515790.4286,5263047.429,755
515790.4286,5263623.367,692
515790.4286,5264199.306,640
515790.4286,5264775.245,462
515790.4286,5265351.184,263
515790.4286,5265927.122,343
515790.4286,5266503.061,194
515790.4286,5267079,70
516399.0612,5238858,159
516399.0612,5239433.939,188
516399.0612,5240009.878,163
516399.0612,5240585.816,142
516399.0612,5241161.755,134
516399.0612,5241737.694,214
516399.0612,5242313.633,260
516399.0612,5242889.571,195
516399.0612,5243465.51,270
516399.0612,5244041.449,342
516399.0612,5244617.388,406
516399.0612,5245193.327,542
516399.0612,5245769.265,599
516399.0612,5246345.204,429
516399.0612,5246921.143,670
516399.0612,5247497.082,823
516399.0612,5248073.02,979
516399.0612,5248648.959,971
516399.0612,5249224.898,1040
516399.0612,5249800.837,1150
516399.0612,5250376.776,1250
516399.0612,5250952.714,1179
516399.0612,5251528.653,1097
516399.0612,5252104.592,1019
516399.0612,5252680.531,944
516399.0612,5253256.469,825
516399.0612,5253832.408,747
516399.0612,5254408.347,642
516399.0612,5254984.286,526
516399.0612,5255560.224,481
516399.0612,5256136.163,403
516399.0612,5256712.102,391
516399.0612,5257288.041,349
516399.0612,5257863.98,419
516399.0612,5258439.918,385
516399.0612,5259015.857,378
516399.0612,5259591.796,422
516399.0612,5260167.735,477
516399.0612,5260743.673,595
516399.0612,5261319.612,639
516399.0612,5261895.551,575
516399.0612,5262471.49,606
516399.0612,5263047.429,574
516399.0612,5263623.367,563
516399.0612,5264199.306,427
516399.0612,5264775.245,435
516399.0612,5265351.184,370
516399.0612,5265927.122,289
516399.0612,5266503.061,149
516399.0612,5267079,65
517007.6939,5238858,129
517007.6939,5239433.939,177
517007.6939,5240009.878,153
517007.6939,5240585.816,142
517007.6939,5241161.755,188
517007.6939,5241737.694,175
517007.6939,5242313.633,192
517007.6939,5242889.571,253
517007.6939,5243465.51,255
517007.6939,5244041.449,258
517007.6939,5244617.388,290
517007.6939,5245193.327,374
517007.6939,5245769.265,362
517007.6939,5246345.204,414
517007.6939,5246921.143,626
517007.6939,5247497.082,772
517007.6939,5248073.02,968
517007.6939,5248648.959,1106
517007.6939,5249224.898,1088
517007.6939,5249800.837,1092
517007.6939,5250376.776,1145
517007.6939,5250952.714,1206
517007.6939,5251528.653,1191
517007.6939,5252104.592,1042
517007.6939,5252680.531,876
517007.6939,5253256.469,806
517007.6939,5253832.408,669
517007.6939,5254408.347,668
517007.6939,5254984.286,694
517007.6939,5255560.224,775
517007.6939,5256136.163,518
517007.6939,5256712.102,478
517007.6939,5257288.041,467
517007.6939,5257863.98,417
517007.6939,5258439.918,282
517007.6939,5259015.857,300
517007.6939,5259591.796,268
517007.6939,5260167.735,381
517007.6939,5260743.673,479
517007.6939,5261319.612,438
517007.6939,5261895.551,439
517007.6939,5262471.49,395
517007.6939,5263047.429,409
517007.6939,5263623.367,400
517007.6939,5264199.306,264
517007.6939,5264775.245,364
517007.6939,5265351.184,360
517007.6939,5265927.122,152
517007.6939,5266503.061,104
517007.6939,5267079,30
517616.3265,5238858,109
517616.3265,5239433.939,110
517616.3265,5240009.878,129
517616.3265,5240585.816,100
517616.3265,5241161.755,201
517616.3265,5241737.694,224
517616.3265,5242313.633,250
517616.3265,5242889.571,220
517616.3265,5243465.51,274
517616.3265,5244041.449,329
517616.3265,5244617.388,353
517616.3265,5245193.327,488
517616.3265,5245769.265,585
517616.3265,5246345.204,578
517616.3265,5246921.143,639
517616.3265,5247497.082,804
517616.3265,5248073.02,1009
517616.3265,5248648.959,1129
517616.3265,5249224.898,1203
517616.3265,5249800.837,1138
517616.3265,5250376.776,1139
517616.3265,5250952.714,1168
517616.3265,5251528.653,1217
517616.3265,5252104.592,1082
517616.3265,5252680.531,851
517616.3265,5253256.469,535
517616.3265,5253832.408,538
517616.3265,5254408.347,441
517616.3265,5254984.286,558
517616.3265,5255560.224,634
517616.3265,5256136.163,587
517616.3265,5256712.102,635
517616.3265,5257288.041,630
517616.3265,5257863.98,485
517616.3265,5258439.918,278
517616.3265,5259015.857,244
517616.3265,5259591.796,217
517616.3265,5260167.735,335
517616.3265,5260743.673,373
517616.3265,5261319.612,410
517616.3265,5261895.551,352
517616.3265,5262471.49,177
517616.3265,5263047.429,224
517616.3265,5263623.367,216
517616.3265,5264199.306,274
517616.3265,5264775.245,221
517616.3265,5265351.184,224
517616.3265,5265927.122,103
517616.3265,5266503.061,65
517616.3265,5267079,24
518224.9592,5238858,185
518224.9592,5239433.939,108
518224.9592,5240009.878,92
518224.9592,5240585.816,195
518224.9592,5241161.755,220
518224.9592,5241737.694,240
518224.9592,5242313.633,269
518224.9592,5242889.571,267
518224.9592,5243465.51,250
518224.9592,5244041.449,312
518224.9592,5244617.388,434
518224.9592,5245193.327,591
518224.9592,5245769.265,700
518224.9592,5246345.204,748
518224.9592,5246921.143,775
518224.9592,5247497.082,864
518224.9592,5248073.02,1051
518224.9592,5248648.959,1129
518224.9592,5249224.898,1206
518224.9592,5249800.837,1171
518224.9592,5250376.776,1170
518224.9592,5250952.714,1179
518224.9592,5251528.653,1112
518224.9592,5252104.592,1115
518224.9592,5252680.531,819
518224.9592,5253256.469,511
518224.9592,5253832.408,352
518224.9592,5254408.347,316
518224.9592,5254984.286,423
518224.9592,5255560.224,361
518224.9592,5256136.163,501
518224.9592,5256712.102,558
518224.9592,5257288.041,577
518224.9592,5257863.98,651
518224.9592,5258439.918,405
518224.9592,5259015.857,237
518224.9592,5259591.796,169
518224.9592,5260167.735,271
518224.9592,5260743.673,304
518224.9592,5261319.612,245
518224.9592,5261895.551,209
518224.9592,5262471.49,137
518224.9592,5263047.429,169
518224.9592,5263623.367,216
518224.9592,5264199.306,201
518224.9592,5264775.245,124
518224.9592,5265351.184,79
518224.9592,5265927.122,53
518224.9592,5266503.061,60
518224.9592,5267079,0
518833.5918,5238858,136
518833.5918,5239433.939,105
518833.5918,5240009.878,157
518833.5918,5240585.816,232
518833.5918,5241161.755,245
518833.5918,5241737.694,265
518833.5918,5242313.633,268
518833.5918,5242889.571,276
518833.5918,5243465.51,268
518833.5918,5244041.449,324
518833.5918,5244617.388,389
518833.5918,5245193.327,542
518833.5918,5245769.265,713
518833.5918,5246345.204,754
518833.5918,5246921.143,705
518833.5918,5247497.082,905
518833.5918,5248073.02,1089
518833.5918,5248648.959,1170
518833.5918,5249224.898,1221
518833.5918,5249800.837,1237
518833.5918,5250376.776,1248
518833.5918,5250952.714,1240
518833.5918,5251528.653,1014
518833.5918,5252104.592,789
518833.5918,5252680.531,729
518833.5918,5253256.469,590
518833.5918,5253832.408,372
518833.5918,5254408.347,283
518833.5918,5254984.286,208
518833.5918,5255560.224,259
518833.5918,5256136.163,435
518833.5918,5256712.102,420
518833.5918,5257288.041,419
518833.5918,5257863.98,500
518833.5918,5258439.918,386
518833.5918,5259015.857,251
518833.5918,5259591.796,130
518833.5918,5260167.735,234
518833.5918,5260743.673,245
518833.5918,5261319.612,113
518833.5918,5261895.551,149
518833.5918,5262471.49,142
518833.5918,5263047.429,80
518833.5918,5263623.367,120
518833.5918,5264199.306,126
518833.5918,5264775.245,78
518833.5918,5265351.184,70
518833.5918,5265927.122,40
518833.5918,5266503.061,11
518833.5918,5267079,0
519442.2245,5238858,77
519442.2245,5239433.939,70
519442.2245,5240009.878,150
519442.2245,5240585.816,148
519442.2245,5241161.755,219
519442.2245,5241737.694,250
519442.2245,5242313.633,273
519442.2245,5242889.571,279
519442.2245,5243465.51,282
519442.2245,5244041.449,303
519442.2245,5244617.388,350
519442.2245,5245193.327,451
519442.2245,5245769.265,551
519442.2245,5246345.204,646
519442.2245,5246921.143,573
519442.2245,5247497.082,733
519442.2245,5248073.02,895
519442.2245,5248648.959,966
519442.2245,5249224.898,1008
519442.2245,5249800.837,988
519442.2245,5250376.776,1177
519442.2245,5250952.714,1210
519442.2245,5251528.653,905
519442.2245,5252104.592,640
519442.2245,5252680.531,518
519442.2245,5253256.469,429
519442.2245,5253832.408,314
519442.2245,5254408.347,274
519442.2245,5254984.286,207
519442.2245,5255560.224,258
519442.2245,5256136.163,392
519442.2245,5256712.102,370
519442.2245,5257288.041,243
519442.2245,5257863.98,251
519442.2245,5258439.918,311
519442.2245,5259015.857,206
519442.2245,5259591.796,144
519442.2245,5260167.735,100
519442.2245,5260743.673,128
519442.2245,5261319.612,125
519442.2245,5261895.551,80
519442.2245,5262471.49,74
519442.2245,5263047.429,57
519442.2245,5263623.367,66
519442.2245,5264199.306,74
519442.2245,5264775.245,44
519442.2245,5265351.184,24
519442.2245,5265927.122,0
519442.2245,5266503.061,0
519442.2245,5267079,0
520050.8571,5238858,78
520050.8571,5239433.939,159
520050.8571,5240009.878,132
520050.8571,5240585.816,163
520050.8571,5241161.755,260
520050.8571,5241737.694,285
520050.8571,5242313.633,285
520050.8571,5242889.571,309
520050.8571,5243465.51,293
520050.8571,5244041.449,320
520050.8571,5244617.388,354
520050.8571,5245193.327,472
520050.8571,5245769.265,394
520050.8571,5246345.204,393
520050.8571,5246921.143,491
520050.8571,5247497.082,562
520050.8571,5248073.02,633
520050.8571,5248648.959,735
520050.8571,5249224.898,669
520050.8571,5249800.837,741
520050.8571,5250376.776,773
520050.8571,5250952.714,856
520050.8571,5251528.653,776
520050.8571,5252104.592,549
520050.8571,5252680.531,451
520050.8571,5253256.469,380
520050.8571,5253832.408,389
520050.8571,5254408.347,253
520050.8571,5254984.286,171
520050.8571,5255560.224,120
520050.8571,5256136.163,169
520050.8571,5256712.102,180
520050.8571,5257288.041,169
520050.8571,5257863.98,195
520050.8571,5258439.918,171
520050.8571,5259015.857,104
520050.8571,5259591.796,50
520050.8571,5260167.735,69
520050.8571,5260743.673,50
520050.8571,5261319.612,43
520050.8571,5261895.551,57
520050.8571,5262471.49,38
520050.8571,5263047.429,40
520050.8571,5263623.367,97
520050.8571,5264199.306,57
520050.8571,5264775.245,23
520050.8571,5265351.184,4
520050.8571,5265927.122,0
520050.8571,5266503.061,0
520050.8571,5267079,0
520659.4898,5238858,123
520659.4898,5239433.939,245
520659.4898,5240009.878,263
520659.4898,5240585.816,252
520659.4898,5241161.755,263
520659.4898,5241737.694,284
520659.4898,5242313.633,231
520659.4898,5242889.571,287
520659.4898,5243465.51,271
520659.4898,5244041.449,219
520659.4898,5244617.388,366
520659.4898,5245193.327,444
520659.4898,5245769.265,277
520659.4898,5246345.204,359
520659.4898,5246921.143,405
520659.4898,5247497.082,488
520659.4898,5248073.02,543
520659.4898,5248648.959,629
520659.4898,5249224.898,471
520659.4898,5249800.837,560
520659.4898,5250376.776,514
520659.4898,5250952.714,552
520659.4898,5251528.653,594
520659.4898,5252104.592,546
520659.4898,5252680.531,334
520659.4898,5253256.469,342
520659.4898,5253832.408,355
520659.4898,5254408.347,186
520659.4898,5254984.286,147
520659.4898,5255560.224,110
520659.4898,5256136.163,90
520659.4898,5256712.102,107
520659.4898,5257288.041,141
520659.4898,5257863.98,84
520659.4898,5258439.918,113
520659.4898,5259015.857,76
520659.4898,5259591.796,27
520659.4898,5260167.735,13
520659.4898,5260743.673,15
520659.4898,5261319.612,24
520659.4898,5261895.551,25
520659.4898,5262471.49,18
520659.4898,5263047.429,0
520659.4898,5263623.367,11
520659.4898,5264199.306,38
520659.4898,5264775.245,9
520659.4898,5265351.184,0
520659.4898,5265927.122,0
520659.4898,5266503.061,7
520659.4898,5267079,20
521268.1224,5238858,144
521268.1224,5239433.939,242
521268.1224,5240009.878,261
521268.1224,5240585.816,175
521268.1224,5241161.755,265
521268.1224,5241737.694,168
521268.1224,5242313.633,206
521268.1224,5242889.571,220
521268.1224,5243465.51,254
521268.1224,5244041.449,131
521268.1224,5244617.388,218
521268.1224,5245193.327,302
521268.1224,5245769.265,278
521268.1224,5246345.204,254
521268.1224,5246921.143,271
521268.1224,5247497.082,340
521268.1224,5248073.02,432
521268.1224,5248648.959,450
521268.1224,5249224.898,376
521268.1224,5249800.837,399
521268.1224,5250376.776,369
521268.1224,5250952.714,402
521268.1224,5251528.653,432
521268.1224,5252104.592,368
521268.1224,5252680.531,400
521268.1224,5253256.469,202
521268.1224,5253832.408,309
521268.1224,5254408.347,218
521268.1224,5254984.286,140
521268.1224,5255560.224,137
521268.1224,5256136.163,72
521268.1224,5256712.102,73
521268.1224,5257288.041,65
521268.1224,5257863.98,65
521268.1224,5258439.918,35
521268.1224,5259015.857,37
521268.1224,5259591.796,1
521268.1224,5260167.735,14
521268.1224,5260743.673,0
521268.1224,5261319.612,8
521268.1224,5261895.551,3
521268.1224,5262471.49,8
521268.1224,5263047.429,0
521268.1224,5263623.367,0
521268.1224,5264199.306,0
521268.1224,5264775.245,0
521268.1224,5265351.184,0
521268.1224,5265927.122,0
521268.1224,5266503.061,0
521268.1224,5267079,21
521876.7551,5238858,80
521876.7551,5239433.939,134
521876.7551,5240009.878,176
521876.7551,5240585.816,109
521876.7551,5241161.755,133
521876.7551,5241737.694,100
521876.7551,5242313.633,190
521876.7551,5242889.571,177
521876.7551,5243465.51,191
521876.7551,5244041.449,130
521876.7551,5244617.388,121
521876.7551,5245193.327,165
521876.7551,5245769.265,184
521876.7551,5246345.204,277
521876.7551,5246921.143,329
521876.7551,5247497.082,369
521876.7551,5248073.02,370
521876.7551,5248648.959,352
521876.7551,5249224.898,317
521876.7551,5249800.837,289
521876.7551,5250376.776,281
521876.7551,5250952.714,298
521876.7551,5251528.653,269
521876.7551,5252104.592,249
521876.7551,5252680.531,312
521876.7551,5253256.469,294
521876.7551,5253832.408,150
521876.7551,5254408.347,139
521876.7551,5254984.286,137
521876.7551,5255560.224,77
521876.7551,5256136.163,64
521876.7551,5256712.102,45
521876.7551,5257288.041,31
521876.7551,5257863.98,19
521876.7551,5258439.918,13
521876.7551,5259015.857,4
521876.7551,5259591.796,0
521876.7551,5260167.735,0
521876.7551,5260743.673,0
521876.7551,5261319.612,0
521876.7551,5261895.551,0
521876.7551,5262471.49,14
521876.7551,5263047.429,0
521876.7551,5263623.367,2
521876.7551,5264199.306,17
521876.7551,5264775.245,26
521876.7551,5265351.184,22
521876.7551,5265927.122,20
521876.7551,5266503.061,37
521876.7551,5267079,33
522485.3878,5238858,77
522485.3878,5239433.939,80
522485.3878,5240009.878,112
522485.3878,5240585.816,93
522485.3878,5241161.755,83
522485.3878,5241737.694,140
522485.3878,5242313.633,144
522485.3878,5242889.571,107
522485.3878,5243465.51,112
522485.3878,5244041.449,113
522485.3878,5244617.388,210
522485.3878,5245193.327,279
522485.3878,5245769.265,305
522485.3878,5246345.204,375
522485.3878,5246921.143,322
522485.3878,5247497.082,342
522485.3878,5248073.02,441
522485.3878,5248648.959,240
522485.3878,5249224.898,321
522485.3878,5249800.837,200
522485.3878,5250376.776,217
522485.3878,5250952.714,206
522485.3878,5251528.653,257
522485.3878,5252104.592,297
522485.3878,5252680.531,206
522485.3878,5253256.469,184
522485.3878,5253832.408,156
522485.3878,5254408.347,163
522485.3878,5254984.286,195
522485.3878,5255560.224,160
522485.3878,5256136.163,93
522485.3878,5256712.102,44
522485.3878,5257288.041,25
522485.3878,5257863.98,12
522485.3878,5258439.918,3
522485.3878,5259015.857,0
522485.3878,5259591.796,0
522485.3878,5260167.735,0
522485.3878,5260743.673,0
522485.3878,5261319.612,0
522485.3878,5261895.551,0
522485.3878,5262471.49,3
522485.3878,5263047.429,0
522485.3878,5263623.367,12
522485.3878,5264199.306,74
522485.3878,5264775.245,54
522485.3878,5265351.184,33
522485.3878,5265927.122,19
522485.3878,5266503.061,9
522485.3878,5267079,20
523094.0204,5238858,40
523094.0204,5239433.939,81
523094.0204,5240009.878,87
523094.0204,5240585.816,77
523094.0204,5241161.755,63
523094.0204,5241737.694,77
523094.0204,5242313.633,122
523094.0204,5242889.571,111
523094.0204,5243465.51,60
523094.0204,5244041.449,168
523094.0204,5244617.388,186
523094.0204,5245193.327,250
523094.0204,5245769.265,315
523094.0204,5246345.204,236
523094.0204,5246921.143,340
523094.0204,5247497.082,365
523094.0204,5248073.02,389
523094.0204,5248648.959,302
523094.0204,5249224.898,170
523094.0204,5249800.837,242
523094.0204,5250376.776,139
523094.0204,5250952.714,154
523094.0204,5251528.653,216
523094.0204,5252104.592,256
523094.0204,5252680.531,238
523094.0204,5253256.469,191
523094.0204,5253832.408,178
523094.0204,5254408.347,90
523094.0204,5254984.286,114
523094.0204,5255560.224,127
523094.0204,5256136.163,78
523094.0204,5256712.102,50
523094.0204,5257288.041,35
523094.0204,5257863.98,16
523094.0204,5258439.918,8
523094.0204,5259015.857,0
523094.0204,5259591.796,0
523094.0204,5260167.735,0
523094.0204,5260743.673,0
523094.0204,5261319.612,7
523094.0204,5261895.551,0
523094.0204,5262471.49,5
523094.0204,5263047.429,0
523094.0204,5263623.367,7
523094.0204,5264199.306,56
523094.0204,5264775.245,67
523094.0204,5265351.184,37
523094.0204,5265927.122,27
523094.0204,5266503.061,20
523094.0204,5267079,44
523702.6531,5238858,26
523702.6531,5239433.939,41
523702.6531,5240009.878,53
523702.6531,5240585.816,70
523702.6531,5241161.755,63
523702.6531,5241737.694,70
523702.6531,5242313.633,66
523702.6531,5242889.571,90
523702.6531,5243465.51,69
523702.6531,5244041.449,81
523702.6531,5244617.388,155
523702.6531,5245193.327,231
523702.6531,5245769.265,207
523702.6531,5246345.204,290
523702.6531,5246921.143,327
523702.6531,5247497.082,340
523702.6531,5248073.02,306
523702.6531,5248648.959,339
523702.6531,5249224.898,172
523702.6531,5249800.837,231
523702.6531,5250376.776,127
523702.6531,5250952.714,145
523702.6531,5251528.653,171
523702.6531,5252104.592,329
523702.6531,5252680.531,252
523702.6531,5253256.469,234
523702.6531,5253832.408,133
523702.6531,5254408.347,76
523702.6531,5254984.286,60
523702.6531,5255560.224,103
523702.6531,5256136.163,40
523702.6531,5256712.102,20
523702.6531,5257288.041,14
523702.6531,5257863.98,20
523702.6531,5258439.918,20
523702.6531,5259015.857,10
523702.6531,5259591.796,0
523702.6531,5260167.735,0
523702.6531,5260743.673,7
523702.6531,5261319.612,50
523702.6531,5261895.551,1
523702.6531,5262471.49,0
523702.6531,5263047.429,30
523702.6531,5263623.367,78
523702.6531,5264199.306,30
523702.6531,5264775.245,50
523702.6531,5265351.184,62
523702.6531,5265927.122,53
523702.6531,5266503.061,43
523702.6531,5267079,86
524311.2857,5238858,43
524311.2857,5239433.939,76
524311.2857,5240009.878,97
524311.2857,5240585.816,83
524311.2857,5241161.755,79
524311.2857,5241737.694,40
524311.2857,5242313.633,40
524311.2857,5242889.571,81
524311.2857,5243465.51,69
524311.2857,5244041.449,102
524311.2857,5244617.388,185
524311.2857,5245193.327,158
524311.2857,5245769.265,246
524311.2857,5246345.204,292
524311.2857,5246921.143,225
524311.2857,5247497.082,284
524311.2857,5248073.02,240
524311.2857,5248648.959,330
524311.2857,5249224.898,213
524311.2857,5249800.837,112
524311.2857,5250376.776,140
524311.2857,5250952.714,81
524311.2857,5251528.653,219
524311.2857,5252104.592,302
524311.2857,5252680.531,233
524311.2857,5253256.469,180
524311.2857,5253832.408,96
524311.2857,5254408.347,59
524311.2857,5254984.286,63
524311.2857,5255560.224,31
524311.2857,5256136.163,26
524311.2857,5256712.102,20
524311.2857,5257288.041,10
524311.2857,5257863.98,8
524311.2857,5258439.918,7
524311.2857,5259015.857,14
524311.2857,5259591.796,0
524311.2857,5260167.735,0
524311.2857,5260743.673,55
524311.2857,5261319.612,119
524311.2857,5261895.551,92
524311.2857,5262471.49,120
524311.2857,5263047.429,137
524311.2857,5263623.367,33
524311.2857,5264199.306,65
524311.2857,5264775.245,83
524311.2857,5265351.184,90
524311.2857,5265927.122,90
524311.2857,5266503.061,70
524311.2857,5267079,60
524919.9184,5238858,76
524919.9184,5239433.939,86
524919.9184,5240009.878,127
524919.9184,5240585.816,129
524919.9184,5241161.755,78
524919.9184,5241737.694,46
524919.9184,5242313.633,40
524919.9184,5242889.571,46
524919.9184,5243465.51,98
524919.9184,5244041.449,170
524919.9184,5244617.388,108
524919.9184,5245193.327,202
524919.9184,5245769.265,182
524919.9184,5246345.204,205
524919.9184,5246921.143,172
524919.9184,5247497.082,153
524919.9184,5248073.02,211
524919.9184,5248648.959,311
524919.9184,5249224.898,279
524919.9184,5249800.837,150
524919.9184,5250376.776,142
524919.9184,5250952.714,108
524919.9184,5251528.653,162
524919.9184,5252104.592,182
524919.9184,5252680.531,107
524919.9184,5253256.469,146
524919.9184,5253832.408,102
524919.9184,5254408.347,44
524919.9184,5254984.286,30
524919.9184,5255560.224,20
524919.9184,5256136.163,22
524919.9184,5256712.102,20
524919.9184,5257288.041,17
524919.9184,5257863.98,0
524919.9184,5258439.918,0
524919.9184,5259015.857,0
524919.9184,5259591.796,0
524919.9184,5260167.735,12
524919.9184,5260743.673,106
524919.9184,5261319.612,303
524919.9184,5261895.551,325
524919.9184,5262471.49,340
524919.9184,5263047.429,231
524919.9184,5263623.367,99
524919.9184,5264199.306,151
524919.9184,5264775.245,110
524919.9184,5265351.184,97
524919.9184,5265927.122,87
524919.9184,5266503.061,70
524919.9184,5267079,112
525528.551,5238858,82
525528.551,5239433.939,85
525528.551,5240009.878,154
525528.551,5240585.816,145
525528.551,5241161.755,96
525528.551,5241737.694,21
525528.551,5242313.633,23
525528.551,5242889.571,30
525528.551,5243465.51,12
525528.551,5244041.449,42
525528.551,5244617.388,49
525528.551,5245193.327,77
525528.551,5245769.265,82
525528.551,5246345.204,101
525528.551,5246921.143,143
525528.551,5247497.082,211
525528.551,5248073.02,250
525528.551,5248648.959,245
525528.551,5249224.898,173
525528.551,5249800.837,168
525528.551,5250376.776,91
525528.551,5250952.714,60
525528.551,5251528.653,108
525528.551,5252104.592,91
525528.551,5252680.531,87
525528.551,5253256.469,73
525528.551,5253832.408,75
525528.551,5254408.347,65
525528.551,5254984.286,40
525528.551,5255560.224,9
525528.551,5256136.163,7
525528.551,5256712.102,52
525528.551,5257288.041,68
525528.551,5257863.98,46
525528.551,5258439.918,0
525528.551,5259015.857,0
525528.551,5259591.796,0
525528.551,5260167.735,41
525528.551,5260743.673,183
525528.551,5261319.612,400
525528.551,5261895.551,355
525528.551,5262471.49,269
525528.551,5263047.429,225
525528.551,5263623.367,243
525528.551,5264199.306,233
525528.551,5264775.245,192
525528.551,5265351.184,172
525528.551,5265927.122,160
525528.551,5266503.061,164
525528.551,5267079,171
526137.1837,5238858,21
526137.1837,5239433.939,29
526137.1837,5240009.878,91
526137.1837,5240585.816,72
526137.1837,5241161.755,9
526137.1837,5241737.694,4
526137.1837,5242313.633,31
526137.1837,5242889.571,95
526137.1837,5243465.51,116
526137.1837,5244041.449,155
526137.1837,5244617.388,202
526137.1837,5245193.327,190
526137.1837,5245769.265,168
526137.1837,5246345.204,160
526137.1837,5246921.143,246
526137.1837,5247497.082,221
526137.1837,5248073.02,285
526137.1837,5248648.959,235
526137.1837,5249224.898,148
526137.1837,5249800.837,63
526137.1837,5250376.776,32
526137.1837,5250952.714,42
526137.1837,5251528.653,42
526137.1837,5252104.592,46
526137.1837,5252680.531,33
526137.1837,5253256.469,34
526137.1837,5253832.408,52
526137.1837,5254408.347,134
526137.1837,5254984.286,46
526137.1837,5255560.224,9
526137.1837,5256136.163,5
526137.1837,5256712.102,0
526137.1837,5257288.041,20
526137.1837,5257863.98,7
526137.1837,5258439.918,0
526137.1837,5259015.857,26
526137.1837,5259591.796,9
526137.1837,5260167.735,78
526137.1837,5260743.673,147
526137.1837,5261319.612,216
526137.1837,5261895.551,198
526137.1837,5262471.49,175
526137.1837,5263047.429,185
526137.1837,5263623.367,198
526137.1837,5264199.306,293
526137.1837,5264775.245,253
526137.1837,5265351.184,227
526137.1837,5265927.122,186
526137.1837,5266503.061,220
526137.1837,5267079,231
526745.8163,5238858,0
526745.8163,5239433.939,32
526745.8163,5240009.878,38
526745.8163,5240585.816,23
526745.8163,5241161.755,0
526745.8163,5241737.694,7
526745.8163,5242313.633,103
526745.8163,5242889.571,172
526745.8163,5243465.51,201
526745.8163,5244041.449,236
526745.8163,5244617.388,269
526745.8163,5245193.327,249
526745.8163,5245769.265,241
526745.8163,5246345.204,239
526745.8163,5246921.143,247
526745.8163,5247497.082,302
526745.8163,5248073.02,269
526745.8163,5248648.959,197
526745.8163,5249224.898,104
526745.8163,5249800.837,29
526745.8163,5250376.776,18
526745.8163,5250952.714,10
526745.8163,5251528.653,41
526745.8163,5252104.592,10
526745.8163,5252680.531,20
526745.8163,5253256.469,55
526745.8163,5253832.408,73
526745.8163,5254408.347,50
526745.8163,5254984.286,0
526745.8163,5255560.224,0
526745.8163,5256136.163,1
526745.8163,5256712.102,0
526745.8163,5257288.041,0
526745.8163,5257863.98,0
526745.8163,5258439.918,93
526745.8163,5259015.857,112
526745.8163,5259591.796,18
526745.8163,5260167.735,62
526745.8163,5260743.673,110
526745.8163,5261319.612,80
526745.8163,5261895.551,71
526745.8163,5262471.49,152
526745.8163,5263047.429,136
526745.8163,5263623.367,206
526745.8163,5264199.306,307
526745.8163,5264775.245,369
526745.8163,5265351.184,375
526745.8163,5265927.122,373
526745.8163,5266503.061,378
526745.8163,5267079,297
527354.449,5238858,0
527354.449,5239433.939,0
527354.449,5240009.878,0
527354.449,5240585.816,0
527354.449,5241161.755,0
527354.449,5241737.694,0
527354.449,5242313.633,81
527354.449,5242889.571,143
527354.449,5243465.51,79
527354.449,5244041.449,193
527354.449,5244617.388,242
527354.449,5245193.327,260
527354.449,5245769.265,303
527354.449,5246345.204,295
527354.449,5246921.143,341
527354.449,5247497.082,308
527354.449,5248073.02,284
527354.449,5248648.959,145
527354.449,5249224.898,53
527354.449,5249800.837,10
527354.449,5250376.776,0
527354.449,5250952.714,15
527354.449,5251528.653,21
527354.449,5252104.592,0
527354.449,5252680.531,16
527354.449,5253256.469,4
527354.449,5253832.408,22
527354.449,5254408.347,0
527354.449,5254984.286,0
527354.449,5255560.224,0
527354.449,5256136.163,0
527354.449,5256712.102,0
527354.449,5257288.041,48
527354.449,5257863.98,93
527354.449,5258439.918,105
527354.449,5259015.857,128
527354.449,5259591.796,74
527354.449,5260167.735,19
527354.449,5260743.673,58
527354.449,5261319.612,54
527354.449,5261895.551,103
527354.449,5262471.49,278
527354.449,5263047.429,233
527354.449,5263623.367,260
527354.449,5264199.306,282
527354.449,5264775.245,353
527354.449,5265351.184,380
527354.449,5265927.122,354
527354.449,5266503.061,352
527354.449,5267079,438
527963.0816,5238858,0
527963.0816,5239433.939,0
527963.0816,5240009.878,0
527963.0816,5240585.816,0
527963.0816,5241161.755,0
527963.0816,5241737.694,0
527963.0816,5242313.633,0
527963.0816,5242889.571,0
527963.0816,5243465.51,0
527963.0816,5244041.449,43
527963.0816,5244617.388,80
527963.0816,5245193.327,141
527963.0816,5245769.265,230
527963.0816,5246345.204,299
527963.0816,5246921.143,187
527963.0816,5247497.082,332
527963.0816,5248073.02,212
527963.0816,5248648.959,91
527963.0816,5249224.898,27
527963.0816,5249800.837,0
527963.0816,5250376.776,0
527963.0816,5250952.714,0
527963.0816,5251528.653,0
527963.0816,5252104.592,0
527963.0816,5252680.531,0
527963.0816,5253256.469,0
527963.0816,5253832.408,0
527963.0816,5254408.347,0
527963.0816,5254984.286,0
527963.0816,5255560.224,0
527963.0816,5256136.163,13
527963.0816,5256712.102,22
527963.0816,5257288.041,38
527963.0816,5257863.98,126
527963.0816,5258439.918,59
527963.0816,5259015.857,58
527963.0816,5259591.796,58
527963.0816,5260167.735,37
527963.0816,5260743.673,107
527963.0816,5261319.612,110
527963.0816,5261895.551,94
527963.0816,5262471.49,182
527963.0816,5263047.429,290
527963.0816,5263623.367,276
527963.0816,5264199.306,351
527963.0816,5264775.245,333
527963.0816,5265351.184,325
527963.0816,5265927.122,340
527963.0816,5266503.061,336
527963.0816,5267079,383
528571.7143,5238858,0
528571.7143,5239433.939,0
528571.7143,5240009.878,0
528571.7143,5240585.816,0
528571.7143,5241161.755,0
528571.7143,5241737.694,0
528571.7143,5242313.633,0
528571.7143,5242889.571,0
528571.7143,5243465.51,0
528571.7143,5244041.449,0
528571.7143,5244617.388,26
528571.7143,5245193.327,51
528571.7143,5245769.265,97
528571.7143,5246345.204,124
528571.7143,5246921.143,70
528571.7143,5247497.082,215
528571.7143,5248073.02,121
528571.7143,5248648.959,57
528571.7143,5249224.898,2
528571.7143,5249800.837,0
528571.7143,5250376.776,0
528571.7143,5250952.714,0
528571.7143,5251528.653,0
528571.7143,5252104.592,0
528571.7143,5252680.531,0
528571.7143,5253256.469,0
528571.7143,5253832.408,0
528571.7143,5254408.347,0
528571.7143,5254984.286,0
528571.7143,5255560.224,11
528571.7143,5256136.163,28
528571.7143,5256712.102,64
528571.7143,5257288.041,10
528571.7143,5257863.98,30
528571.7143,5258439.918,84
528571.7143,5259015.857,90
528571.7143,5259591.796,84
528571.7143,5260167.735,38
528571.7143,5260743.673,44
528571.7143,5261319.612,65
528571.7143,5261895.551,146
528571.7143,5262471.49,290
528571.7143,5263047.429,317
528571.7143,5263623.367,403
528571.7143,5264199.306,402
528571.7143,5264775.245,373
528571.7143,5265351.184,352
528571.7143,5265927.122,277
528571.7143,5266503.061,170
528571.7143,5267079,320
529180.3469,5238858,0
529180.3469,5239433.939,0
529180.3469,5240009.878,0
529180.3469,5240585.816,0
529180.3469,5241161.755,0
529180.3469,5241737.694,0
529180.3469,5242313.633,0
529180.3469,5242889.571,0
529180.3469,5243465.51,0
529180.3469,5244041.449,0
529180.3469,5244617.388,0
529180.3469,5245193.327,0
529180.3469,5245769.265,0
529180.3469,5246345.204,25
529180.3469,5246921.143,56
529180.3469,5247497.082,95
529180.3469,5248073.02,54
529180.3469,5248648.959,20
529180.3469,5249224.898,0
529180.3469,5249800.837,0
529180.3469,5250376.776,0
529180.3469,5250952.714,0
529180.3469,5251528.653,0
529180.3469,5252104.592,0
529180.3469,5252680.531,0
529180.3469,5253256.469,33
529180.3469,5253832.408,49
529180.3469,5254408.347,36
529180.3469,5254984.286,19
529180.3469,5255560.224,2
529180.3469,5256136.163,19
529180.3469,5256712.102,83
529180.3469,5257288.041,39
529180.3469,5257863.98,93
529180.3469,5258439.918,141
529180.3469,5259015.857,124
529180.3469,5259591.796,67
529180.3469,5260167.735,50
529180.3469,5260743.673,57
529180.3469,5261319.612,104
529180.3469,5261895.551,193
529180.3469,5262471.49,279
529180.3469,5263047.429,243
529180.3469,5263623.367,354
529180.3469,5264199.306,512
529180.3469,5264775.245,480
529180.3469,5265351.184,425
529180.3469,5265927.122,322
529180.3469,5266503.061,227
529180.3469,5267079,174
529788.9796,5238858,0
529788.9796,5239433.939,0
529788.9796,5240009.878,0
529788.9796,5240585.816,0
529788.9796,5241161.755,0
529788.9796,5241737.694,0
529788.9796,5242313.633,0
529788.9796,5242889.571,0
529788.9796,5243465.51,0
529788.9796,5244041.449,0
529788.9796,5244617.388,0
529788.9796,5245193.327,0
529788.9796,5245769.265,0
529788.9796,5246345.204,0
529788.9796,5246921.143,0
529788.9796,5247497.082,0
529788.9796,5248073.02,0
529788.9796,5248648.959,0
529788.9796,5249224.898,0
529788.9796,5249800.837,0
529788.9796,5250376.776,0
529788.9796,5250952.714,0
529788.9796,5251528.653,0
529788.9796,5252104.592,0
529788.9796,5252680.531,17
529788.9796,5253256.469,0
529788.9796,5253832.408,19
529788.9796,5254408.347,50
529788.9796,5254984.286,130
529788.9796,5255560.224,28
529788.9796,5256136.163,30
529788.9796,5256712.102,117
529788.9796,5257288.041,87
529788.9796,5257863.98,54
529788.9796,5258439.918,70
529788.9796,5259015.857,149
529788.9796,5259591.796,86
529788.9796,5260167.735,139
529788.9796,5260743.673,145
529788.9796,5261319.612,158
529788.9796,5261895.551,124
529788.9796,5262471.49,142
529788.9796,5263047.429,205
529788.9796,5263623.367,240
529788.9796,5264199.306,219
529788.9796,5264775.245,270
529788.9796,5265351.184,224
529788.9796,5265927.122,220
529788.9796,5266503.061,185
529788.9796,5267079,160
530397.6122,5238858,0
530397.6122,5239433.939,0
530397.6122,5240009.878,0
530397.6122,5240585.816,0
530397.6122,5241161.755,0
530397.6122,5241737.694,0
530397.6122,5242313.633,0
530397.6122,5242889.571,0
530397.6122,5243465.51,0
530397.6122,5244041.449,0
530397.6122,5244617.388,0
530397.6122,5245193.327,0
530397.6122,5245769.265,0
530397.6122,5246345.204,0
530397.6122,5246921.143,0
530397.6122,5247497.082,0
530397.6122,5248073.02,0
530397.6122,5248648.959,0
530397.6122,5249224.898,0
530397.6122,5249800.837,0
530397.6122,5250376.776,0
530397.6122,5250952.714,0
530397.6122,5251528.653,0
530397.6122,5252104.592,0
530397.6122,5252680.531,8
530397.6122,5253256.469,18
530397.6122,5253832.408,23
530397.6122,5254408.347,20
530397.6122,5254984.286,51
530397.6122,5255560.224,68
530397.6122,5256136.163,103
530397.6122,5256712.102,83
530397.6122,5257288.041,144
530397.6122,5257863.98,77
530397.6122,5258439.918,109
530397.6122,5259015.857,151
530397.6122,5259591.796,82
530397.6122,5260167.735,191
530397.6122,5260743.673,247
530397.6122,5261319.612,250
530397.6122,5261895.551,298
530397.6122,5262471.49,278
530397.6122,5263047.429,314
530397.6122,5263623.367,193
530397.6122,5264199.306,160
530397.6122,5264775.245,182
530397.6122,5265351.184,198
530397.6122,5265927.122,174
530397.6122,5266503.061,115
530397.6122,5267079,99
531006.2449,5238858,0
531006.2449,5239433.939,0
531006.2449,5240009.878,0
531006.2449,5240585.816,0
531006.2449,5241161.755,0
531006.2449,5241737.694,0
531006.2449,5242313.633,0
531006.2449,5242889.571,0
531006.2449,5243465.51,0
531006.2449,5244041.449,0
531006.2449,5244617.388,0
531006.2449,5245193.327,0
531006.2449,5245769.265,0
531006.2449,5246345.204,0
531006.2449,5246921.143,0
531006.2449,5247497.082,0
531006.2449,5248073.02,0
531006.2449,5248648.959,0
531006.2449,5249224.898,0
531006.2449,5249800.837,0
531006.2449,5250376.776,0
531006.2449,5250952.714,0
531006.2449,5251528.653,0
531006.2449,5252104.592,0
531006.2449,5252680.531,5
531006.2449,5253256.469,58
531006.2449,5253832.408,114
531006.2449,5254408.347,50
531006.2449,5254984.286,36
531006.2449,5255560.224,44
531006.2449,5256136.163,122
531006.2449,5256712.102,185
531006.2449,5257288.041,198
531006.2449,5257863.98,161
531006.2449,5258439.918,158
531006.2449,5259015.857,138
531006.2449,5259591.796,100
531006.2449,5260167.735,253
531006.2449,5260743.673,213
531006.2449,5261319.612,291
531006.2449,5261895.551,232
531006.2449,5262471.49,273
531006.2449,5263047.429,225
531006.2449,5263623.367,233
531006.2449,5264199.306,163
531006.2449,5264775.245,176
531006.2449,5265351.184,134
531006.2449,5265927.122,95
531006.2449,5266503.061,74
531006.2449,5267079,70
531614.8776,5238858,0
531614.8776,5239433.939,0
531614.8776,5240009.878,0
531614.8776,5240585.816,0
531614.8776,5241161.755,0
531614.8776,5241737.694,0
531614.8776,5242313.633,0
531614.8776,5242889.571,0
531614.8776,5243465.51,0
531614.8776,5244041.449,0
531614.8776,5244617.388,0
531614.8776,5245193.327,0
531614.8776,5245769.265,0
531614.8776,5246345.204,0
531614.8776,5246921.143,0
531614.8776,5247497.082,0
531614.8776,5248073.02,0
531614.8776,5248648.959,0
531614.8776,5249224.898,0
531614.8776,5249800.837,0
531614.8776,5250376.776,0
531614.8776,5250952.714,0
531614.8776,5251528.653,0
531614.8776,5252104.592,0
531614.8776,5252680.531,10
531614.8776,5253256.469,36
531614.8776,5253832.408,132
531614.8776,5254408.347,117
531614.8776,5254984.286,59
531614.8776,5255560.224,71
531614.8776,5256136.163,151
531614.8776,5256712.102,140
531614.8776,5257288.041,246
531614.8776,5257863.98,372
531614.8776,5258439.918,357
531614.8776,5259015.857,211
531614.8776,5259591.796,206
531614.8776,5260167.735,209
531614.8776,5260743.673,181
531614.8776,5261319.612,159
531614.8776,5261895.551,230
531614.8776,5262471.49,207
531614.8776,5263047.429,260
531614.8776,5263623.367,186
531614.8776,5264199.306,218
531614.8776,5264775.245,87
531614.8776,5265351.184,76
531614.8776,5265927.122,65
531614.8776,5266503.061,62
531614.8776,5267079,69
532223.5102,5238858,0
532223.5102,5239433.939,0
532223.5102,5240009.878,0
532223.5102,5240585.816,0
532223.5102,5241161.755,0
532223.5102,5241737.694,40
532223.5102,5242313.633,0
532223.5102,5242889.571,0
532223.5102,5243465.51,0
532223.5102,5244041.449,0
532223.5102,5244617.388,0
532223.5102,5245193.327,0
532223.5102,5245769.265,0
532223.5102,5246345.204,0
532223.5102,5246921.143,0
532223.5102,5247497.082,0
532223.5102,5248073.02,0
532223.5102,5248648.959,0
532223.5102,5249224.898,0
532223.5102,5249800.837,0
532223.5102,5250376.776,0
532223.5102,5250952.714,0
532223.5102,5251528.653,0
532223.5102,5252104.592,0
532223.5102,5252680.531,7
532223.5102,5253256.469,41
532223.5102,5253832.408,69
532223.5102,5254408.347,86
532223.5102,5254984.286,59
532223.5102,5255560.224,120
532223.5102,5256136.163,114
532223.5102,5256712.102,222
532223.5102,5257288.041,255
532223.5102,5257863.98,196
532223.5102,5258439.918,163
532223.5102,5259015.857,257
532223.5102,5259591.796,335
532223.5102,5260167.735,226
532223.5102,5260743.673,146
532223.5102,5261319.612,115
532223.5102,5261895.551,230
532223.5102,5262471.49,150
532223.5102,5263047.429,206
532223.5102,5263623.367,154
532223.5102,5264199.306,168
532223.5102,5264775.245,79
532223.5102,5265351.184,47
532223.5102,5265927.122,60
532223.5102,5266503.061,47
532223.5102,5267079,47
532832.1429,5238858,47
532832.1429,5239433.939,16
532832.1429,5240009.878,0
532832.1429,5240585.816,0
532832.1429,5241161.755,10
532832.1429,5241737.694,6
532832.1429,5242313.633,0
532832.1429,5242889.571,0
532832.1429,5243465.51,0
532832.1429,5244041.449,0
532832.1429,5244617.388,0
532832.1429,5245193.327,0
532832.1429,5245769.265,0
532832.1429,5246345.204,0
532832.1429,5246921.143,0
532832.1429,5247497.082,0
532832.1429,5248073.02,0
532832.1429,5248648.959,0
532832.1429,5249224.898,0
532832.1429,5249800.837,0
532832.1429,5250376.776,0
532832.1429,5250952.714,0
532832.1429,5251528.653,0
532832.1429,5252104.592,1
532832.1429,5252680.531,11
532832.1429,5253256.469,54
532832.1429,5253832.408,99
532832.1429,5254408.347,83
532832.1429,5254984.286,85
532832.1429,5255560.224,187
532832.1429,5256136.163,267
532832.1429,5256712.102,182
532832.1429,5257288.041,285
532832.1429,5257863.98,275
532832.1429,5258439.918,167
532832.1429,5259015.857,187
532832.1429,5259591.796,358
532832.1429,5260167.735,329
532832.1429,5260743.673,241
532832.1429,5261319.612,177
532832.1429,5261895.551,163
532832.1429,5262471.49,231
532832.1429,5263047.429,130
532832.1429,5263623.367,98
532832.1429,5264199.306,66
532832.1429,5264775.245,45
532832.1429,5265351.184,30
532832.1429,5265927.122,34
532832.1429,5266503.061,35
532832.1429,5267079,40
533440.7755,5238858,55
533440.7755,5239433.939,84
533440.7755,5240009.878,30
533440.7755,5240585.816,24
533440.7755,5241161.755,0
533440.7755,5241737.694,0
533440.7755,5242313.633,0
533440.7755,5242889.571,0
533440.7755,5243465.51,0
533440.7755,5244041.449,0
533440.7755,5244617.388,0
533440.7755,5245193.327,0
533440.7755,5245769.265,0
533440.7755,5246345.204,17
533440.7755,5246921.143,0
533440.7755,5247497.082,0
533440.7755,5248073.02,5
533440.7755,5248648.959,0
533440.7755,5249224.898,0
533440.7755,5249800.837,0
533440.7755,5250376.776,0
533440.7755,5250952.714,4
533440.7755,5251528.653,22
533440.7755,5252104.592,30
533440.7755,5252680.531,37
533440.7755,5253256.469,92
533440.7755,5253832.408,200
533440.7755,5254408.347,122
533440.7755,5254984.286,90
533440.7755,5255560.224,210
533440.7755,5256136.163,136
533440.7755,5256712.102,170
533440.7755,5257288.041,284
533440.7755,5257863.98,162
533440.7755,5258439.918,115
533440.7755,5259015.857,286
533440.7755,5259591.796,367
533440.7755,5260167.735,304
533440.7755,5260743.673,271
533440.7755,5261319.612,194
533440.7755,5261895.551,70
533440.7755,5262471.49,144
533440.7755,5263047.429,92
533440.7755,5263623.367,50
533440.7755,5264199.306,40
533440.7755,5264775.245,24
533440.7755,5265351.184,20
533440.7755,5265927.122,25
533440.7755,5266503.061,28
533440.7755,5267079,30
534049.4082,5238858,8
534049.4082,5239433.939,62
534049.4082,5240009.878,67
534049.4082,5240585.816,37
534049.4082,5241161.755,0
534049.4082,5241737.694,0
534049.4082,5242313.633,0
534049.4082,5242889.571,0
534049.4082,5243465.51,0
534049.4082,5244041.449,0
534049.4082,5244617.388,0
534049.4082,5245193.327,0
534049.4082,5245769.265,0
534049.4082,5246345.204,87
534049.4082,5246921.143,64
534049.4082,5247497.082,71
534049.4082,5248073.02,63
534049.4082,5248648.959,13
534049.4082,5249224.898,0
534049.4082,5249800.837,20
534049.4082,5250376.776,53
534049.4082,5250952.714,61
534049.4082,5251528.653,76
534049.4082,5252104.592,121
534049.4082,5252680.531,144
534049.4082,5253256.469,148
534049.4082,5253832.408,130
534049.4082,5254408.347,109
534049.4082,5254984.286,123
534049.4082,5255560.224,160
534049.4082,5256136.163,136
534049.4082,5256712.102,166
534049.4082,5257288.041,140
534049.4082,5257863.98,193
534049.4082,5258439.918,98
534049.4082,5259015.857,153
534049.4082,5259591.796,152
534049.4082,5260167.735,159
534049.4082,5260743.673,138
534049.4082,5261319.612,147
534049.4082,5261895.551,65
534049.4082,5262471.49,40
534049.4082,5263047.429,29
534049.4082,5263623.367,21
534049.4082,5264199.306,17
534049.4082,5264775.245,10
534049.4082,5265351.184,17
534049.4082,5265927.122,20
534049.4082,5266503.061,20
534049.4082,5267079,30
534658.0408,5238858,0
534658.0408,5239433.939,0
534658.0408,5240009.878,0
534658.0408,5240585.816,0
534658.0408,5241161.755,0
534658.0408,5241737.694,0
534658.0408,5242313.633,0
534658.0408,5242889.571,0
534658.0408,5243465.51,0
534658.0408,5244041.449,0
534658.0408,5244617.388,0
534658.0408,5245193.327,0
534658.0408,5245769.265,0
534658.0408,5246345.204,0
534658.0408,5246921.143,52
534658.0408,5247497.082,91
534658.0408,5248073.02,79
534658.0408,5248648.959,87
534658.0408,5249224.898,75
534658.0408,5249800.837,61
534658.0408,5250376.776,110
534658.0408,5250952.714,110
534658.0408,5251528.653,77
534658.0408,5252104.592,66
534658.0408,5252680.531,68
534658.0408,5253256.469,60
534658.0408,5253832.408,75
534658.0408,5254408.347,114
534658.0408,5254984.286,168
534658.0408,5255560.224,141
534658.0408,5256136.163,150
534658.0408,5256712.102,92
534658.0408,5257288.041,89
534658.0408,5257863.98,162
534658.0408,5258439.918,125
534658.0408,5259015.857,69
534658.0408,5259591.796,85
534658.0408,5260167.735,80
534658.0408,5260743.673,68
534658.0408,5261319.612,46
534658.0408,5261895.551,39
534658.0408,5262471.49,30
534658.0408,5263047.429,20
534658.0408,5263623.367,10
534658.0408,5264199.306,10
534658.0408,5264775.245,10
534658.0408,5265351.184,10
534658.0408,5265927.122,15
534658.0408,5266503.061,50
534658.0408,5267079,87
535266.6735,5238858,0
535266.6735,5239433.939,0
535266.6735,5240009.878,0
535266.6735,5240585.816,0
535266.6735,5241161.755,0
535266.6735,5241737.694,0
535266.6735,5242313.633,0
535266.6735,5242889.571,0
535266.6735,5243465.51,0
535266.6735,5244041.449,0
535266.6735,5244617.388,0
535266.6735,5245193.327,0
535266.6735,5245769.265,0
535266.6735,5246345.204,0
535266.6735,5246921.143,0
535266.6735,5247497.082,5
535266.6735,5248073.02,27
535266.6735,5248648.959,19
535266.6735,5249224.898,10
535266.6735,5249800.837,20
535266.6735,5250376.776,28
535266.6735,5250952.714,55
535266.6735,5251528.653,56
535266.6735,5252104.592,53
535266.6735,5252680.531,60
535266.6735,5253256.469,73
535266.6735,5253832.408,94
535266.6735,5254408.347,131
535266.6735,5254984.286,172
535266.6735,5255560.224,197
535266.6735,5256136.163,250
535266.6735,5256712.102,125
535266.6735,5257288.041,75
535266.6735,5257863.98,214
535266.6735,5258439.918,223
535266.6735,5259015.857,120
535266.6735,5259591.796,48
535266.6735,5260167.735,40
535266.6735,5260743.673,35
535266.6735,5261319.612,24
535266.6735,5261895.551,16
535266.6735,5262471.49,19
535266.6735,5263047.429,10
535266.6735,5263623.367,7
535266.6735,5264199.306,2
535266.6735,5264775.245,4
535266.6735,5265351.184,30
535266.6735,5265927.122,140
535266.6735,5266503.061,240
535266.6735,5267079,138
535875.3061,5238858,0
535875.3061,5239433.939,0
535875.3061,5240009.878,0
535875.3061,5240585.816,0
535875.3061,5241161.755,0
535875.3061,5241737.694,0
535875.3061,5242313.633,0
535875.3061,5242889.571,0
535875.3061,5243465.51,0
535875.3061,5244041.449,0
535875.3061,5244617.388,0
535875.3061,5245193.327,0
535875.3061,5245769.265,0
535875.3061,5246345.204,0
535875.3061,5246921.143,0
535875.3061,5247497.082,0
535875.3061,5248073.02,0
535875.3061,5248648.959,0
535875.3061,5249224.898,0
535875.3061,5249800.837,9
535875.3061,5250376.776,18
535875.3061,5250952.714,20
535875.3061,5251528.653,30
535875.3061,5252104.592,40
535875.3061,5252680.531,82
535875.3061,5253256.469,90
535875.3061,5253832.408,152
535875.3061,5254408.347,174
535875.3061,5254984.286,252
535875.3061,5255560.224,206
535875.3061,5256136.163,227
535875.3061,5256712.102,104
535875.3061,5257288.041,50
535875.3061,5257863.98,100
535875.3061,5258439.918,83
535875.3061,5259015.857,53
535875.3061,5259591.796,40
535875.3061,5260167.735,24
535875.3061,5260743.673,40
535875.3061,5261319.612,15
535875.3061,5261895.551,10
535875.3061,5262471.49,9
535875.3061,5263047.429,0
535875.3061,5263623.367,20
535875.3061,5264199.306,65
535875.3061,5264775.245,116
535875.3061,5265351.184,124
535875.3061,5265927.122,110
535875.3061,5266503.061,34
535875.3061,5267079,11
536483.9388,5238858,0
536483.9388,5239433.939,0
536483.9388,5240009.878,0
536483.9388,5240585.816,0
536483.9388,5241161.755,0
536483.9388,5241737.694,10
536483.9388,5242313.633,0
536483.9388,5242889.571,22
536483.9388,5243465.51,0
536483.9388,5244041.449,0
536483.9388,5244617.388,0
536483.9388,5245193.327,0
536483.9388,5245769.265,0
536483.9388,5246345.204,0
536483.9388,5246921.143,0
536483.9388,5247497.082,0
536483.9388,5248073.02,0
536483.9388,5248648.959,0
536483.9388,5249224.898,0
536483.9388,5249800.837,12
536483.9388,5250376.776,20
536483.9388,5250952.714,30
536483.9388,5251528.653,53
536483.9388,5252104.592,59
536483.9388,5252680.531,166
536483.9388,5253256.469,193
536483.9388,5253832.408,156
536483.9388,5254408.347,280
536483.9388,5254984.286,324
536483.9388,5255560.224,158
536483.9388,5256136.163,94
536483.9388,5256712.102,72
536483.9388,5257288.041,40
536483.9388,5257863.98,35
536483.9388,5258439.918,87
536483.9388,5259015.857,59
536483.9388,5259591.796,56
536483.9388,5260167.735,37
536483.9388,5260743.673,10
536483.9388,5261319.612,6
536483.9388,5261895.551,1
536483.9388,5262471.49,0
536483.9388,5263047.429,0
536483.9388,5263623.367,0
536483.9388,5264199.306,17
536483.9388,5264775.245,34
536483.9388,5265351.184,14
536483.9388,5265927.122,1
536483.9388,5266503.061,1
536483.9388,5267079,1
537092.5714,5238858,0
537092.5714,5239433.939,0
537092.5714,5240009.878,0
537092.5714,5240585.816,0
537092.5714,5241161.755,0
537092.5714,5241737.694,0
537092.5714,5242313.633,9
537092.5714,5242889.571,44
537092.5714,5243465.51,10
537092.5714,5244041.449,10
537092.5714,5244617.388,3
537092.5714,5245193.327,0
537092.5714,5245769.265,0
537092.5714,5246345.204,0
537092.5714,5246921.143,0
537092.5714,5247497.082,0
537092.5714,5248073.02,0
537092.5714,5248648.959,0
537092.5714,5249224.898,6
537092.5714,5249800.837,24
537092.5714,5250376.776,45
537092.5714,5250952.714,52
537092.5714,5251528.653,108
537092.5714,5252104.592,107
537092.5714,5252680.531,138
537092.5714,5253256.469,148
537092.5714,5253832.408,247
537092.5714,5254408.347,317
537092.5714,5254984.286,169
537092.5714,5255560.224,134
537092.5714,5256136.163,80
537092.5714,5256712.102,77
537092.5714,5257288.041,39
537092.5714,5257863.98,21
537092.5714,5258439.918,32
537092.5714,5259015.857,41
537092.5714,5259591.796,10
537092.5714,5260167.735,8
537092.5714,5260743.673,8
537092.5714,5261319.612,0
537092.5714,5261895.551,0
537092.5714,5262471.49,0
537092.5714,5263047.429,0
537092.5714,5263623.367,0
537092.5714,5264199.306,3
537092.5714,5264775.245,0
537092.5714,5265351.184,4
537092.5714,5265927.122,10
537092.5714,5266503.061,2
537092.5714,5267079,7
537701.2041,5238858,0
537701.2041,5239433.939,0
537701.2041,5240009.878,0
537701.2041,5240585.816,0
537701.2041,5241161.755,0
537701.2041,5241737.694,0
537701.2041,5242313.633,9
537701.2041,5242889.571,83
537701.2041,5243465.51,51
537701.2041,5244041.449,75
537701.2041,5244617.388,13
537701.2041,5245193.327,45
537701.2041,5245769.265,75
537701.2041,5246345.204,26
537701.2041,5246921.143,0
537701.2041,5247497.082,0
537701.2041,5248073.02,0
537701.2041,5248648.959,0
537701.2041,5249224.898,6
537701.2041,5249800.837,78
537701.2041,5250376.776,91
537701.2041,5250952.714,132
537701.2041,5251528.653,173
537701.2041,5252104.592,220
537701.2041,5252680.531,249
537701.2041,5253256.469,196
537701.2041,5253832.408,261
537701.2041,5254408.347,241
537701.2041,5254984.286,181
537701.2041,5255560.224,69
537701.2041,5256136.163,53
537701.2041,5256712.102,48
537701.2041,5257288.041,36
537701.2041,5257863.98,20
537701.2041,5258439.918,17
537701.2041,5259015.857,8
537701.2041,5259591.796,4
537701.2041,5260167.735,1
537701.2041,5260743.673,0
537701.2041,5261319.612,0
537701.2041,5261895.551,0
537701.2041,5262471.49,0
537701.2041,5263047.429,10
537701.2041,5263623.367,4
537701.2041,5264199.306,0
537701.2041,5264775.245,2
537701.2041,5265351.184,8
537701.2041,5265927.122,8
537701.2041,5266503.061,13
537701.2041,5267079,75
538309.8367,5238858,14
538309.8367,5239433.939,0
538309.8367,5240009.878,0
538309.8367,5240585.816,0
538309.8367,5241161.755,0
538309.8367,5241737.694,0
538309.8367,5242313.633,3
538309.8367,5242889.571,17
538309.8367,5243465.51,20
538309.8367,5244041.449,30
538309.8367,5244617.388,86
538309.8367,5245193.327,139
538309.8367,5245769.265,136
538309.8367,5246345.204,102
538309.8367,5246921.143,61
538309.8367,5247497.082,46
538309.8367,5248073.02,0
538309.8367,5248648.959,0
538309.8367,5249224.898,0
538309.8367,5249800.837,69
538309.8367,5250376.776,155
538309.8367,5250952.714,227
538309.8367,5251528.653,209
538309.8367,5252104.592,130
538309.8367,5252680.531,107
538309.8367,5253256.469,109
538309.8367,5253832.408,119
538309.8367,5254408.347,115
538309.8367,5254984.286,91
538309.8367,5255560.224,56
538309.8367,5256136.163,29
538309.8367,5256712.102,23
538309.8367,5257288.041,17
538309.8367,5257863.98,20
538309.8367,5258439.918,10
538309.8367,5259015.857,7
538309.8367,5259591.796,2
538309.8367,5260167.735,0
538309.8367,5260743.673,0
538309.8367,5261319.612,0
538309.8367,5261895.551,0
538309.8367,5262471.49,6
538309.8367,5263047.429,9
538309.8367,5263623.367,8
538309.8367,5264199.306,9
538309.8367,5264775.245,10
538309.8367,5265351.184,15
538309.8367,5265927.122,34
538309.8367,5266503.061,59
538309.8367,5267079,40
538918.4694,5238858,65
538918.4694,5239433.939,42
538918.4694,5240009.878,18
538918.4694,5240585.816,0
538918.4694,5241161.755,0
538918.4694,5241737.694,7
538918.4694,5242313.633,10
538918.4694,5242889.571,15
538918.4694,5243465.51,30
538918.4694,5244041.449,20
538918.4694,5244617.388,14
538918.4694,5245193.327,23
538918.4694,5245769.265,28
538918.4694,5246345.204,49
538918.4694,5246921.143,112
538918.4694,5247497.082,82
538918.4694,5248073.02,9
538918.4694,5248648.959,0
538918.4694,5249224.898,0
538918.4694,5249800.837,24
538918.4694,5250376.776,79
538918.4694,5250952.714,69
538918.4694,5251528.653,51
538918.4694,5252104.592,57
538918.4694,5252680.531,79
538918.4694,5253256.469,42
538918.4694,5253832.408,47
538918.4694,5254408.347,56
538918.4694,5254984.286,35
538918.4694,5255560.224,36
538918.4694,5256136.163,15
538918.4694,5256712.102,10
538918.4694,5257288.041,9
538918.4694,5257863.98,11
538918.4694,5258439.918,8
538918.4694,5259015.857,0
538918.4694,5259591.796,0
538918.4694,5260167.735,0
538918.4694,5260743.673,0
538918.4694,5261319.612,0
538918.4694,5261895.551,13
538918.4694,5262471.49,17
538918.4694,5263047.429,13
538918.4694,5263623.367,21
538918.4694,5264199.306,42
538918.4694,5264775.245,45
538918.4694,5265351.184,57
538918.4694,5265927.122,76
538918.4694,5266503.061,95
538918.4694,5267079,98
539527.102,5238858,10
539527.102,5239433.939,5
539527.102,5240009.878,7
539527.102,5240585.816,9
539527.102,5241161.755,10
539527.102,5241737.694,43
539527.102,5242313.633,63
539527.102,5242889.571,74
539527.102,5243465.51,88
539527.102,5244041.449,41
539527.102,5244617.388,19
539527.102,5245193.327,7
539527.102,5245769.265,9
539527.102,5246345.204,7
539527.102,5246921.143,3
539527.102,5247497.082,0
539527.102,5248073.02,0
539527.102,5248648.959,0
539527.102,5249224.898,1
539527.102,5249800.837,2
539527.102,5250376.776,7
539527.102,5250952.714,23
539527.102,5251528.653,22
539527.102,5252104.592,40
539527.102,5252680.531,40
539527.102,5253256.469,49
539527.102,5253832.408,20
539527.102,5254408.347,28
539527.102,5254984.286,19
539527.102,5255560.224,9
539527.102,5256136.163,3
539527.102,5256712.102,4
539527.102,5257288.041,7
539527.102,5257863.98,5
539527.102,5258439.918,0
539527.102,5259015.857,0
539527.102,5259591.796,0
539527.102,5260167.735,0
539527.102,5260743.673,0
539527.102,5261319.612,24
539527.102,5261895.551,31
539527.102,5262471.49,34
539527.102,5263047.429,37
539527.102,5263623.367,80
539527.102,5264199.306,170
539527.102,5264775.245,189
539527.102,5265351.184,240
539527.102,5265927.122,155
539527.102,5266503.061,116
539527.102,5267079,87
540135.7347,5238858,60
540135.7347,5239433.939,46
540135.7347,5240009.878,23
540135.7347,5240585.816,16
540135.7347,5241161.755,37
540135.7347,5241737.694,21
540135.7347,5242313.633,113
540135.7347,5242889.571,170
540135.7347,5243465.51,115
540135.7347,5244041.449,53
540135.7347,5244617.388,19
540135.7347,5245193.327,9
540135.7347,5245769.265,5
540135.7347,5246345.204,9
540135.7347,5246921.143,4
540135.7347,5247497.082,0
540135.7347,5248073.02,10
540135.7347,5248648.959,1
540135.7347,5249224.898,2
540135.7347,5249800.837,2
540135.7347,5250376.776,5
540135.7347,5250952.714,6
540135.7347,5251528.653,9
540135.7347,5252104.592,27
540135.7347,5252680.531,48
540135.7347,5253256.469,54
540135.7347,5253832.408,27
540135.7347,5254408.347,8
540135.7347,5254984.286,5
540135.7347,5255560.224,5
540135.7347,5256136.163,3
540135.7347,5256712.102,3
540135.7347,5257288.041,4
540135.7347,5257863.98,5
540135.7347,5258439.918,0
540135.7347,5259015.857,0
540135.7347,5259591.796,0
540135.7347,5260167.735,0
540135.7347,5260743.673,0
540135.7347,5261319.612,21
540135.7347,5261895.551,65
540135.7347,5262471.49,115
540135.7347,5263047.429,130
540135.7347,5263623.367,238
540135.7347,5264199.306,235
540135.7347,5264775.245,169
540135.7347,5265351.184,106
540135.7347,5265927.122,80
540135.7347,5266503.061,57
540135.7347,5267079,60
540744.3673,5238858,38
540744.3673,5239433.939,38
540744.3673,5240009.878,37
540744.3673,5240585.816,36
540744.3673,5241161.755,62
540744.3673,5241737.694,44
540744.3673,5242313.633,41
540744.3673,5242889.571,90
540744.3673,5243465.51,90
540744.3673,5244041.449,52
540744.3673,5244617.388,19
540744.3673,5245193.327,5
540744.3673,5245769.265,3
540744.3673,5246345.204,5
540744.3673,5246921.143,5
540744.3673,5247497.082,4
540744.3673,5248073.02,4
540744.3673,5248648.959,0
540744.3673,5249224.898,0
540744.3673,5249800.837,0
540744.3673,5250376.776,0
540744.3673,5250952.714,2
540744.3673,5251528.653,10
540744.3673,5252104.592,85
540744.3673,5252680.531,122
540744.3673,5253256.469,141
540744.3673,5253832.408,48
540744.3673,5254408.347,4
540744.3673,5254984.286,4
540744.3673,5255560.224,4
540744.3673,5256136.163,4
540744.3673,5256712.102,4
540744.3673,5257288.041,9
540744.3673,5257863.98,4
540744.3673,5258439.918,4
540744.3673,5259015.857,0
540744.3673,5259591.796,0
540744.3673,5260167.735,0
540744.3673,5260743.673,0
540744.3673,5261319.612,0
540744.3673,5261895.551,0
540744.3673,5262471.49,61
540744.3673,5263047.429,127
540744.3673,5263623.367,123
540744.3673,5264199.306,83
540744.3673,5264775.245,69
540744.3673,5265351.184,50
540744.3673,5265927.122,50
540744.3673,5266503.061,40
540744.3673,5267079,40
541353,5238858,46
541353,5239433.939,59
541353,5240009.878,80
541353,5240585.816,113
541353,5241161.755,77
541353,5241737.694,37
541353,5242313.633,24
541353,5242889.571,5
541353,5243465.51,5
541353,5244041.449,9
541353,5244617.388,5
541353,5245193.327,5
541353,5245769.265,5
541353,5246345.204,4
541353,5246921.143,5
541353,5247497.082,42
541353,5248073.02,50
541353,5248648.959,0
541353,5249224.898,0
541353,5249800.837,0
541353,5250376.776,0
541353,5250952.714,0
541353,5251528.653,0
541353,5252104.592,2
541353,5252680.531,63
541353,5253256.469,51
541353,5253832.408,0
541353,5254408.347,1
541353,5254984.286,2
541353,5255560.224,4
541353,5256136.163,5
541353,5256712.102,7
541353,5257288.041,8
541353,5257863.98,4
541353,5258439.918,7
541353,5259015.857,10
541353,5259591.796,37
541353,5260167.735,0
541353,5260743.673,0
541353,5261319.612,0
541353,5261895.551,0
541353,5262471.49,0
541353,5263047.429,22
541353,5263623.367,42
541353,5264199.306,40
541353,5264775.245,25
541353,5265351.184,23
541353,5265927.122,29
541353,5266503.061,32
541353,5267079,83
